{
  "project_info": {
    "project_number": "825473507417",
    "firebase_url": "https://logintu-f4841-default-rtdb.firebaseio.com",
    "project_id": "logintu-f4841",
    "storage_bucket": "logintu-f4841.appspot.com"
  },
  "client": [
    {
      "client_info": {
        "mobilesdk_app_id": "1:825473507417:android:5fc4811585e9a8ec36d148",
        "android_client_info": {
          "package_name": "com.example.finalprojectsecb_banthita"
        }
      },
      "oauth_client": [
        {
          "client_id": "825473507417-i8gt6oikepc645a39eocmlshb3oll5nb.apps.googleusercontent.com",
          "client_type": 3
        }
      ],
      "api_key": [
        {
          "current_key": "AIzaSyAlc3hGJ4k1vdpMp2Ht1_Vtb0HJJ_eHF0Q"
        }
      ],
      "services": {
        "appinvite_service": {
          "other_platform_oauth_client": [
            {
              "client_id": "825473507417-i8gt6oikepc645a39eocmlshb3oll5nb.apps.googleusercontent.com",
              "client_type": 3
            }
          ]
        }
      }
    },
    {
      "client_info": {
        "mobilesdk_app_id": "1:825473507417:android:7fd2cb3282304b3c36d148",
        "android_client_info": {
          "package_name": "com.example.finalprojectsecb_chaiwat"
        }
      },
      "oauth_client": [
        {
          "client_id": "825473507417-i8gt6oikepc645a39eocmlshb3oll5nb.apps.googleusercontent.com",
          "client_type": 3
        }
      ],
      "api_key": [
        {
          "current_key": "AIzaSyAlc3hGJ4k1vdpMp2Ht1_Vtb0HJJ_eHF0Q"
        }
      ],
      "services": {
        "appinvite_service": {
          "other_platform_oauth_client": [
            {
              "client_id": "825473507417-i8gt6oikepc645a39eocmlshb3oll5nb.apps.googleusercontent.com",
              "client_type": 3
            }
          ]
        }
      }
    },
    {
      "client_info": {
        "mobilesdk_app_id": "1:825473507417:android:b60a684e1af699b336d148",
        "android_client_info": {
          "package_name": "com.example.finalprojectsecb_chayanin"
        }
      },
      "oauth_client": [
        {
          "client_id": "825473507417-i8gt6oikepc645a39eocmlshb3oll5nb.apps.googleusercontent.com",
          "client_type": 3
        }
      ],
      "api_key": [
        {
          "current_key": "AIzaSyAlc3hGJ4k1vdpMp2Ht1_Vtb0HJJ_eHF0Q"
        }
      ],
      "services": {
        "appinvite_service": {
          "other_platform_oauth_client": [
            {
              "client_id": "825473507417-i8gt6oikepc645a39eocmlshb3oll5nb.apps.googleusercontent.com",
              "client_type": 3
            }
          ]
        }
      }
    },
    {
      "client_info": {
        "mobilesdk_app_id": "1:825473507417:android:965d588bb5b04edf36d148",
        "android_client_info": {
          "package_name": "com.example.finalprojectsecb_chutilkan"
        }
      },
      "oauth_client": [
        {
          "client_id": "825473507417-i8gt6oikepc645a39eocmlshb3oll5nb.apps.googleusercontent.com",
          "client_type": 3
        }
      ],
      "api_key": [
        {
          "current_key": "AIzaSyAlc3hGJ4k1vdpMp2Ht1_Vtb0HJJ_eHF0Q"
        }
      ],
      "services": {
        "appinvite_service": {
          "other_platform_oauth_client": [
            {
              "client_id": "825473507417-i8gt6oikepc645a39eocmlshb3oll5nb.apps.googleusercontent.com",
              "client_type": 3
            }
          ]
        }
      }
    },
    {
      "client_info": {
        "mobilesdk_app_id": "1:825473507417:android:6fa1250dd39cbc6d36d148",
        "android_client_info": {
          "package_name": "com.example.finalprojectsecb_kritthanat"
        }
      },
      "oauth_client": [
        {
          "client_id": "825473507417-i8gt6oikepc645a39eocmlshb3oll5nb.apps.googleusercontent.com",
          "client_type": 3
        }
      ],
      "api_key": [
        {
          "current_key": "AIzaSyAlc3hGJ4k1vdpMp2Ht1_Vtb0HJJ_eHF0Q"
        }
      ],
      "services": {
        "appinvite_service": {
          "other_platform_oauth_client": [
            {
              "client_id": "825473507417-i8gt6oikepc645a39eocmlshb3oll5nb.apps.googleusercontent.com",
              "client_type": 3
            }
          ]
        }
      }
    },
    {
      "client_info": {
        "mobilesdk_app_id": "1:825473507417:android:50e506f6a118dd7c36d148",
        "android_client_info": {
          "package_name": "com.example.finalprojectsecb_supakarn"
        }
      },
      "oauth_client": [
        {
          "client_id": "825473507417-i8gt6oikepc645a39eocmlshb3oll5nb.apps.googleusercontent.com",
          "client_type": 3
        }
      ],
      "api_key": [
        {
          "current_key": "AIzaSyAlc3hGJ4k1vdpMp2Ht1_Vtb0HJJ_eHF0Q"
        }
      ],
      "services": {
        "appinvite_service": {
          "other_platform_oauth_client": [
            {
              "client_id": "825473507417-i8gt6oikepc645a39eocmlshb3oll5nb.apps.googleusercontent.com",
              "client_type": 3
            }
          ]
        }
      }
    },
    {
      "client_info": {
        "mobilesdk_app_id": "1:825473507417:android:032b7a4fd4c2dd4936d148",
        "android_client_info": {
          "package_name": "com.example.finalprojectsecb_thitima"
        }
      },
      "oauth_client": [
        {
          "client_id": "825473507417-i8gt6oikepc645a39eocmlshb3oll5nb.apps.googleusercontent.com",
          "client_type": 3
        }
      ],
      "api_key": [
        {
          "current_key": "AIzaSyAlc3hGJ4k1vdpMp2Ht1_Vtb0HJJ_eHF0Q"
        }
      ],
      "services": {
        "appinvite_service": {
          "other_platform_oauth_client": [
            {
              "client_id": "825473507417-i8gt6oikepc645a39eocmlshb3oll5nb.apps.googleusercontent.com",
              "client_type": 3
            }
          ]
        }
      }
    },
    {
      "client_info": {
        "mobilesdk_app_id": "1:825473507417:android:b7e816cc6a8eecb336d148",
        "android_client_info": {
          "package_name": "com.example.finalprojectsecb_wachiraporn"
        }
      },
      "oauth_client": [
        {
          "client_id": "825473507417-i8gt6oikepc645a39eocmlshb3oll5nb.apps.googleusercontent.com",
          "client_type": 3
        }
      ],
      "api_key": [
        {
          "current_key": "AIzaSyAlc3hGJ4k1vdpMp2Ht1_Vtb0HJJ_eHF0Q"
        }
      ],
      "services": {
        "appinvite_service": {
          "other_platform_oauth_client": [
            {
              "client_id": "825473507417-i8gt6oikepc645a39eocmlshb3oll5nb.apps.googleusercontent.com",
              "client_type": 3
            }
          ]
        }
      }
    }
  ],
  "configuration_version": "1"
}